object_label,context,utterance,filename,topic,object_id,ref_type,plurality,recording_id,segment_id
the furniture,The fertility statue shards are on the brown furniture.,"But eve- but if you wish to actually change the color of the furniture, maybe the brown one, it would be a better choice.",hsi_7_0719_209_003_39_000_color.png,Fertility_Statue_Shards_1,Dresser_29dd319f,exact,single,hsi_7_0719_209_003,39
that lamp,The floor lamp stands near the TV.,"Yeah, but that is a problem, of course, that lamp will have to be turned off when I watch TV.",hsi_4_0717_211_001_75_001_color.png,FloorLamp_75348c2c,FloorLamp_75348c2c,exact,single,hsi_4_0717_211_001,75
the couch,The dresser stands beside the couch.,"yeah,  i can understand that because you don't want to sit like this and especially if you lie down on the couch you you want to have it lower so i can see that so thank you that's a great suggestion",hsi_5_0718_210_002_28_000_color.png,dresser,Sofa_b5cc7b35,exact,single,hsi_5_0718_210_002,28
balcony,The statue is in a box on the balcony.,"put them in the box, and then put the box, just, just  throw it off, throw it off, off, off your balcony.",hsi_6_0718_227_002_106_003_color.png,statue,Windows,exact,single,hsi_6_0718_227_002,106
this lamp,The lamp stands as a symbol in the living room.,So I really like this lamp. It's a symbol because I have eh a daughter and I have two granddaughters.,hsi_5_0718_222_002_66_000_color.png,Lamp,Lamp,exact,single,hsi_5_0718_222_002,66
the badminton rackets,The book and badminton rackets rest together on the shelf.,"Also th- this book together with the badminton rackets. Eh, I, That's not placed there by accident. Eh It's actually one of the world's greatest eh badminton players, eh Sarah Nicholson.",hsi_5_0718_222_002_54_001_color.png,Tennis_Racquet_4,Tennis_Racquet_4,exact,single,hsi_5_0718_222_002,54
fauteuil,The armchair is positioned near the window.,"What {do} you call this one in Swedish eh or in English, fåtölj?",hsi_5_0718_209_001_1_001_color.png,ArmChair_3e286e7a,armchair,exact,single,hsi_5_0718_209_001,1
The rug,The rug lies in front of the fireplace.,The rug.,hsi_6_0718_209_003_128_000_color.png,Rug,Rug,exact,single,hsi_6_0718_209_003,128
plants,The large tropical plant stands beside the small plant.,"big, small plant.",hsi_4_0717_210_001_16_000_color.png,TropicalPlantLarge (2),TropicalPlantLarge (2),exact,single,hsi_4_0717_210_001,16
the desk,The dresser is turned to face the fireplace.,"I'm thinking but if yeah, cuz if we would put the couch and chair there facing the fireplace, the desk would be turned that way.",hsi_4_0717_209_003_28_003_color.png,dresser,desk,exact,single,hsi_4_0717_209_003,28
the armchair,The armchair sits by the desk.,"And unfortunately, actually, there are not... [spn] a lot of female designers that... that are famous. But if you look at the armchair over there by the desk, that's actually a female designer.",hsi_5_0718_209_001_11_000_color.png,Chair_204_2,Chair_204_2,exact,single,hsi_5_0718_209_001,11
that plant,The key chain is hidden among the plants.,"So like maybe that plant there or that plant, I would just hide them like just just throw them in, you know, and then you know, it's like they're not even there.",hsi_6_0718_211_002_50_001_color.png,key chain,HousePlant_0db093fe,exact,single,hsi_6_0718_211_002,50
chandelier,The chandelier hangs above the table in the corner.,"Yeah, the chandelier and the table under the cha- chandelier with... It's nice and spacious, which is beautiful.",hsi_4_0717_227_002_13_002_color.png,corner2,Chandelier,exact,single,hsi_4_0717_227_002,13
The lamp,The floor lamp stands next to the sofa.,The lamp there?,hsi_6_0718_209_003_151_000_color.png,FloorLamp_4062327b,FloorLamp_4062327b,exact,single,hsi_6_0718_209_003,151
plant,The large houseplant is in the corner of the room.,Your treasure plant.,hsi_6_0718_227_002_54_000_color.png,HousePlant1Large,HousePlant1Large,exact,single,hsi_6_0718_227_002,54
the lamp,The ceiling light hangs out of view when entering the room.,It will be very beautiful because now when you come in you don't see the lamp.,hsi_3_0715_210_011_76_001_color.png,CeilingLight,DeskLamp_3d0b0fb7,exact,single,hsi_3_0715_210_011,76
the dog,The dog figurine sits on the wall cabinet.,Ah and then there's ah the cheetah ah and ah the dog over there.,hsi_5_0718_227_001_8_001_color.png,wall cabinet,Statue_bc9ffa92,exact,single,hsi_5_0718_227_001,8
credit cart,The credit card is not kept in the trash room.,"Ah no, no, no, no, no, no, no, no, no of course not. I wouldn't keep a credit card there.",hsi_7_0719_211_002_77_000_color.png,CreditCard_1f5b07d9,CreditCard_1f5b07d9,exact,single,hsi_7_0719_211_002,77
the table,The gold statue sits on the table.,"Yeah, on the table there, uh because she's eh... You don't know if she's coming up from the sea or is going down to the beach or whatever she is.",hsi_5_0718_227_001_10_000_color.png,GoldStatue_e904d593,DiningTable_d80cf940,exact,single,hsi_5_0718_227_001,10
the chandelier,The chandelier hangs from the ceiling.,"So when you cleaned the ch- the chandelier, did you use that soft thing?",hsi_4_0717_227_003_26_000_color.png,Chandelier,Chandelier,exact,single,hsi_4_0717_227_003,26
rugs,A Persian rug lies in the center of the living room.,Do you like Persian rugs?,hsi_6_0718_209_003_137_000_color.png,Rug,Rug,exact,single,hsi_6_0718_209_003,137
the TV,The TV is positioned against the wall.,"Well, the TV's just a TV, so.... Ah.",hsi_5_0718_222_002_78_000_color.png,Television_f9d000b1,Television_f9d000b1,exact,single,hsi_5_0718_222_002,78
the trash can,The trash can sits in the back corner.,"And also the trash can in the back, I wouldn't really put it there. It's it it doesn't look good.",hsi_7_0719_210_002_19_000_color.png,corner5,GarbageCan_43439bc1,exact,single,hsi_7_0719_210_002,19
the TV,The tennis racquet is in front of the TV.,"There's a racket right here, right in the front of the TV.",hsi_4_0717_222_002_17_001_color.png,Tennis_Racquet_4,Television_f9d000b1,exact,single,hsi_4_0717_222_002,17
the lighting on the roof,The lamp is mounted on the roof.,yeah of course I mean I think that the the lighting on the roof is really nice because it gives kind of a natural uh style so I think that that is good um regarding lamps yeah you might have too many of them so maybe this one I will remove this one I think it it might look nice in the night so uh I think this one you you might be able to keep it,hsi_7_0719_227_003_25_000_color.png,lamp,CeilingLights,exact,single,hsi_7_0719_227_003,25
the walls,The room is surrounded by walls.,"so because i don't want to put, to have a lot of holes in the walls",hsi_5_0718_210_002_39_000_color.png,room,wall,exact,single,hsi_5_0718_210_002,39
the couch,A huge armchair accompanies the couch.,"There's a huge armchair that goes with the couch, and there's a small armchair that looks a bit...",hsi_4_0717_210_003_29_002_color.png,Chair_c6d435d0,Sofa_b5cc7b35,exact,single,hsi_4_0717_210_003,29
that window,The fireplace is located in the direction of the window.,Need or need but th- that that window is that direction and,hsi_5_0718_222_002_8_000_color.png,fireplace,Window_0dfbe90f,exact,single,hsi_5_0718_222_002,8
the window,The chair sits by the window.,if we have the armchair here we could put that little armchair by the window,hsi_5_0718_210_003_97_002_color.png,Chair_c6d435d0,Window2_debaf983,exact,single,hsi_5_0718_210_003,97
that couch,The wall cabinet stands near the couch.,"And also if that couch is like that, it would be like, and I think maybe you should move those white things a bit that way, the white cupboards...",hsi_4_0717_227_002_27_000_color.png,wall cabinet,Sofa_8bd689dc,exact,single,hsi_4_0717_227_002,27
lamp,The lamp stands in the room by the plant.,"What's random, hold on, hold on what's what's random that is that you call my lamp random you come the plant random.",hsi_6_0718_210_001_41_001_color.png,room,DeskLamp_3d0b0fb7,exact,single,hsi_6_0718_210_001,41
the wall,The wall stands beside the window.,do you know if the wall is a bearing wall,hsi_5_0718_211_003_16_000_color.png,Wall,Wall,exact,single,hsi_5_0718_211_003,16
that little short chair,The little short chair is where I read.,"But when I do read, that's where I read, in that little short chair.",hsi_6_0718_210_001_36_001_color.png,Chair_c6d435d0,Chair_c6d435d0,exact,single,hsi_6_0718_210_001,36
the lights,The ceiling lights illuminate the entire room.,And all the lights are working.,hsi_4_0717_209_002_46_000_color.png,CeilingLights,CeilingLights,exact,single,hsi_4_0717_209_002,46
the table,The key chain lies on the table.,Don't put keys on the table. It's very bad luck.,hsi_4_0717_211_002_19_001_color.png,key chain,CoffeeTable_dd16dc6e,exact,single,hsi_4_0717_211_002,19
Couch,The sofa sits in the living room.,"Couch, chair, foot piece, other chair.",hsi_4_0717_210_003_4_000_color.png,Sofa_b5cc7b35,Sofa_b5cc7b35,exact,single,hsi_4_0717_210_003,4
that couch,The sofa from your mom is there.,"And that couch there, that's from my mom.",hsi_6_0718_210_001_76_000_color.png,Sofa_b5cc7b35,Sofa_b5cc7b35,exact,single,hsi_6_0718_210_001,76
the couch,The dresser stands near the couch facing the fireplace.,"I'm thinking but if yeah, cuz if we would put the couch and chair there facing the fireplace, the desk would be turned that way.",hsi_4_0717_209_003_28_000_color.png,dresser,sofa,exact,single,hsi_4_0717_209_003,28
woden table,The wooden table is next to the lamp in the corner.,Wooden table next to it and the lamp.,hsi_4_0717_222_003_81_000_color.png,corner4,SideTable_cb8929ce,exact,single,hsi_4_0717_222_003,81
the blue one,The blue garbage can is behind you.,"Yeah, actually those those two cans behind you like the blue one and the red one",hsi_6_0718_222_001_109_001_color.png,garbage can,BlueGarbageCan_97c506a7,exact,single,hsi_6_0718_222_001,109
that book,The book rests on the shelf.,So that book has also got to go.,hsi_6_0718_209_003_168_000_color.png,Book_7e290dff,Book_7e290dff,exact,single,hsi_6_0718_209_003,168
the table,The chandelier hangs low above the table.,"And the chandelier, the chandelier uh it's a little bit low, I mean in terms of height because you have a low table now so I think I would just change this whole setup and basically the table and the chairs a little bit upper because this looks like kindergarten style.",hsi_7_0719_227_003_26_003_color.png,Chandelier,DiningTable_d80cf940,exact,single,hsi_7_0719_227_003,26
the green walls,The statue stands against the green walls.,"You know, with the black background and the green walls, I think we should have pink flowers.",hsi_3_0715_227_004_47_001_color.png,statue2,wall,exact,single,hsi_3_0715_227_004,47
armchair,The armchair is designed by a famous Danish designer named Jensen.,"Chair yes this- armchair, yes, this armchair eh is really really amazing because it's a Danish designer who's uh really famous. He's called... his name is eh Jensen.",hsi_5_0718_209_001_2_001_color.png,ArmChair_3e286e7a,ArmChair_3e286e7a,exact,single,hsi_5_0718_209_001,2
gaming laptop,The gaming laptop is there.,"I got, uhm,  I got my gaming laptop there.",hsi_6_0718_227_001_11_000_color.png,Laptop_d9d44fbe,Laptop_d9d44fbe,exact,single,hsi_6_0718_227_001,11
a flower,The lotus flower-like chair is surrounded by cushions.,"flower like it doesn't look, uh, at first i thought it looked like a spider's web or something but now now i think more it looks like a flower a lotus flower so i think you could have it over there and then just place cushions all around it and and then we of course",hsi_5_0718_210_003_103_002_color.png,Chair_c6d435d0,Chair_c6d435d0,exact,single,hsi_5_0718_210_003,103
the desk,The laptop sits on the desk.,Maybe you can put it on the desk as well.,hsi_7_0719_209_003_35_001_color.png,Laptop_c535f2bc,Desk_204_1,exact,single,hsi_7_0719_209_003,35
the wall,The painting hangs right in the middle of the wall.,right in the middle of the wall,hsi_4_0717_209_003_45_001_color.png,painting,wall,exact,single,hsi_4_0717_209_003,45
television,The remote control is unnecessary without a television.,you don't need a remote control as you I understood it that you didn't want television,hsi_5_0718_210_003_68_002_color.png,RemoteControl_827d4f47,Television_01800a8c,exact,single,hsi_5_0718_210_003,68
white box,The white box sits next to the TV.,"Yeah, but I mean, there's a there's a white white box next to the TV thing.",hsi_4_0717_210_003_61_000_color.png,Box_acb44c64,Box_acb44c64,exact,single,hsi_4_0717_210_003,61
carpet here,The laptop sits on the carpet.,"Oh, it's just standing there because I I didn't move it. Y- you can see I... I usually sit there because then I can watch out eh through the window. And and I like that one because I... I... I like to have a laptop because eh then I can... sit anywhere I want. I like to, sometimes I sit on the carpet here ah and sometimes, oh!",hsi_5_0718_227_001_40_006_color.png,Laptop_d9d44fbe,Rug,exact,single,hsi_5_0718_227_001,40
that sculpture,The sculpture stands prominently in view.,"But ah yeah, I mean, uh also that sculpture there that you can see.",hsi_7_0719_222_002_19_000_color.png,Statue_24d96a63,Statue_24d96a63,exact,single,hsi_7_0719_222_002,19
the laptop,The laptop sits on the desk.,"But now you want the TV eh and you have the laptop, of course, so so you don't really need a working place like that.",hsi_5_0718_209_003_21_001_color.png,Desk_204_1,Laptop_c535f2bc,exact,single,hsi_5_0718_209_003,21
television stuff,The television sits against the wall.,That is quintessential hipster television stuff.,hsi_6_0718_211_001_66_001_color.png,Television_f5fb6360,Television_f5fb6360,exact,single,hsi_6_0718_211_001,66
a fireplace,The fireplace stands empty against the wall.,"And I also have a fireplace, but there's no fire in it.",hsi_4_0717_209_001_63_000_color.png,fireplace,fireplace,exact,single,hsi_4_0717_209_001,63
couch,The couch is here.,So you have my couch here.,hsi_6_0718_209_001_13_000_color.png,Sofa_dcb895fb,Sofa_dcb895fb,exact,single,hsi_6_0718_209_001,13
the box,The statue is in the box on the balcony.,"put them in the box, and then put the box, just, just  throw it off, throw it off, off, off your balcony.",hsi_6_0718_227_002_106_001_color.png,statue,Box_c423d56d_2,exact,single,hsi_6_0718_227_002,106
the UV light,The UV ceiling light hangs awkwardly in the room.,and it wanted to be there so and I haven't moved the lamp yet but it should be and as you see it's I am now taking away the UV light because I have two similar lights up there my god I forgot about those I never use them actually well and now when you tell me when you're noticing it it looks quite off in this room,hsi_5_0718_210_001_106_003_color.png,CeilingLight,CeilingLight,exact,single,hsi_5_0718_210_001,106
that painting,The painting hangs above the couch on the wall.,"Just move that along or wait, actually, that one is looks better with a couch. So place that painting above the couch over there, this one goes over there that wall",hsi_4_0717_211_003_52_003_color.png,painting,WallPainting9,exact,single,hsi_4_0717_211_003,52
the bin,The garbage can is hard to find.,"Because uh because, yeah, the the the bin, it's uh... [breath] [smack] It's hard to find nice bins.",hsi_7_0719_211_002_88_000_color.png,GarbageCan_133fd689,GarbageCan_133fd689,exact,single,hsi_7_0719_211_002,88
that chair,The ceiling light hangs above the chair.,"I I know what you... I know it might look a bit strange but actually it's... I used to have the plant over there so it's a UV light, uh,  but, uh then of course when I bought that chair I had to ask the chair actually where it wanted to be.",hsi_5_0718_210_001_105_003_color.png,CeilingLight,Chair_c6d435d0,exact,single,hsi_5_0718_210_001,105
lamp pillow,The lamp pillow rests on the reading chair.,"when you're sitting and reading, you have this lamp pillow.",hsi_3_0715_210_010_33_000_color.png,Pillow_4f745fd7,Pillow_4f745fd7,exact,single,hsi_3_0715_210_010,33
the couch,The rug lies beneath the couch.,Otherwise we have to to move the the couch.,hsi_3_0715_227_002_69_000_color.png,Rug,Sofa_8bd689dc,exact,single,hsi_3_0715_227_002,69
the couch,The couch sits in the corner with a lamp next to it.,"Hmm, since you have that couch, and if you're having the couch in the corner, you have a lamp there to have somewhere to store newspapers, right? Next to it. So you can have a read in your couch, maybe you should have to get something or you can.",hsi_4_0717_222_003_74_001_color.png,corner4,ArmChair_3ba6dec5,exact,single,hsi_4_0717_222_003,74
this wonderful window,The wonderful window is positioned near the sofa.,"Yes, I think that eh when when you look at it eh because you have this wonderful window here and this one and eh I think that this is a good placement of the sofa because you can",hsi_5_0718_211_003_1_000_color.png,Window_4c44c73f,Window_4c44c73f,exact,single,hsi_5_0718_211_003,1
the couch,The rug lies under the couch.,"And then, I mean, we would have to pull the rug, I think, so the rug is with the couch.",hsi_4_0717_210_003_24_001_color.png,Rug,Sofa_b5cc7b35,exact,single,hsi_4_0717_210_003,24
The bear,The painting of the bear hangs on the wall.,"The bear, that thing, they just they just they just they just show up.",hsi_6_0718_211_001_45_000_color.png,Painting_5ebe949b,Teddy_Bear_2,exact,single,hsi_6_0718_211_001,45
the sofa,The old-looking sofa sits beside the armchair.,"Yes, and and eh you see also see that eh th- the armchair and the sofa, ah and eh this one is ehm... eh the two sofas, eh and eh i- if you look closer at them you see that it looks as if it's eh old, and that some [spn] but it's actually the... intended to be like that.",hsi_5_0718_222_002_11_001_color.png,furniture,Sofa_f3c3f4ca,exact,single,hsi_5_0718_222_002,11
the door,The floor lamp stands a little close to the door.,"I think it fits if we make it, it's not really, it's a little bit close to the door.",hsi_3_0715_210_011_31_001_color.png,FloorLamp_82e14abb,Door,exact,single,hsi_3_0715_210_011,31
This painting,The painting hangs on the wall.,"This painting here, was the, was the, the frame always so white?",hsi_6_0718_210_002_4_000_color.png,Painting_0f25d3f4,Painting_0f25d3f4,exact,single,hsi_6_0718_210_002,4
Sherlock Holmes,The Sherlock Holmes book lies on the shelf.,"No, I mean, Sherlock Holmes is not even a genre that I like.",hsi_7_0719_222_002_26_000_color.png,book,Book_28,exact,single,hsi_7_0719_222_002,26
the mat,The rug lies on the floor by the entrance.,See about the mat.,hsi_3_0715_227_003_60_000_color.png,rug,rug,exact,single,hsi_3_0715_227_003,60
the hand,The hand statue is displayed on the shelf.,"And em no, that was really interesting. And, and then, then, of course, I'm also into more modern stuff like the hand there, ah which I really enjoy because it's",hsi_5_0718_209_001_24_000_color.png,Hand_Statue_2,Hand_Statue_2,exact,single,hsi_5_0718_209_001,24
this painting,The painting hangs on the wall.,"And also this painting, though.",hsi_4_0717_210_001_41_000_color.png,Painting_0f25d3f4,Painting_0f25d3f4,exact,single,hsi_4_0717_210_001,41
the window,A house plant sits by the TV and another in the window.,By the TV and also one in the window.,hsi_4_0717_211_002_50_001_color.png,house plant,Window_4c44c73f,exact,single,hsi_4_0717_211_002,50
the couch,The painting hangs above the couch.,"So you should put it ah, over, just oh, above the couch, the new sofa.",hsi_3_0715_210_011_68_001_color.png,Painting_0f25d3f4,Sofa_b5cc7b35,exact,single,hsi_3_0715_210_011,68
the furniture,The dresser stands against the wall near the window.,"So uh I don't know if the furniture should be gray, same as the floor",hsi_7_0719_209_003_13_000_color.png,Dresser_29dd319f,Dresser_29dd319f,exact,single,hsi_7_0719_209_003,13
tennis rackets,Tennis rackets lie scattered across various surfaces.,Clean up a bit so you don't have tennis rackets and books lying around and watches and stuff. Just so the surfaces are clean.,hsi_4_0717_222_003_59_000_color.png,surfaces,Tennis_Racquet_4,exact,single,hsi_4_0717_222_003,59
this monstrosity,A large tropical plant stands beside the couch.,"you or your dog might eaten it and have replaced it with whatever this monstrosity is, this little baby monstrosity.",hsi_6_0718_210_002_133_000_color.png,TropicalPlantLarge (2),TropicalPlantLarge (2),exact,single,hsi_6_0718_210_002,133
the ceiling,Small lights are installed in the ceiling.,We could put small lights in the ceiling.,hsi_5_0718_211_003_54_000_color.png,room,Ceiling,exact,single,hsi_5_0718_211_003,54
the floor,The window allows light to shine onto the floor.,I love the windows and how the light shines in on the floor.,hsi_4_0717_209_001_59_001_color.png,window,Floor_661dfaaa,exact,single,hsi_4_0717_209_001,59
The fireplace,The fireplace is built into the middle of the wall.,The fireplace.,hsi_4_0717_209_003_53_000_color.png,fireplace,fireplace,exact,single,hsi_4_0717_209_003,53
the plant,The painting hangs in the corner near the lamp and the plant.,"So I think ah it really fits ah and and of course the composition with the lamp and the plant is, there so you get ah in in the night I mean when I turn on the lamp it gives a really nice vibe ah towards that corner because you have uh the light coming to the paint and then of course with the whole setting it gives really cozy environment.",hsi_7_0719_227_002_12_002_color.png,Painting_6fe2c2f8,HousePlant1Large,exact,single,hsi_7_0719_227_002,12
the tv,The laptop is in front of the TV.,and the PC of course and is it your watch the one on on the in front of the tv yeah of course,hsi_5_0718_210_002_75_003_color.png,laptop,Television_01800a8c,exact,single,hsi_5_0718_210_002,75
a PC,The PC sits on the desk near the window.,a PC,hsi_5_0718_210_002_68_000_color.png,Laptop_b59db75f,Laptop_b59db75f,exact,single,hsi_5_0718_210_002,68
chair,The chair is used for reading.,"Yeah, yeah, yeah, yeah, because that's, that's my reading chair, actually, yeah.",hsi_6_0718_210_001_34_001_color.png,Chair_c6d435d0,Chair_c6d435d0,exact,single,hsi_6_0718_210_001,34
this wall,The statue is placed on this wall.,So I I think you should have it on this wall.,hsi_5_0718_209_003_44_001_color.png,Statue_7e71d98f,wall,exact,single,hsi_5_0718_209_003,44
table,The coffee table sits by the window.,"And that also opens up for the window and then this pss table, I just think maybe get rid of that big table.",hsi_4_0717_209_003_36_002_color.png,coffee table,coffee table,exact,single,hsi_4_0717_209_003,36
Another painting,The painting hangs on the wall over there.,"Another painting over there, it's also nice.",hsi_6_0718_210_001_14_000_color.png,Painting_0f25d3f4_2,Painting_0f25d3f4_2,exact,single,hsi_6_0718_210_001,14
the fireplace,The fireplace is built into the living room wall.,"the, the fireplace",hsi_6_0718_222_001_21_000_color.png,fireplace,fireplace,exact,single,hsi_6_0718_222_001,21
that table,The large coffee table is positioned prominently in the room.,"Uh I think that table is, uh, I mean, for that placement, it's really big.",hsi_7_0719_209_003_21_000_color.png,CoffeeTable_0f0649ce,CoffeeTable_0f0649ce,exact,single,hsi_7_0719_209_003,21
the table,The drawers stand close to the table.,"And we have to put up the painting a little bit higher, so it doesn't it's become too close to the table.",hsi_3_0715_227_004_65_002_color.png,Drawers,DiningTable_d80cf940,exact,single,hsi_3_0715_227_004,65
that lamp,The floor lamp stands in the living room.,"Ah, okay, thank God for that, because... uh... it would be really, really sad if that lamp got uh ff damaged in any way, so. Okay, so y- yes, I would like to to remove that, of course.",hsi_5_0718_209_002_60_000_color.png,FloorLamp_4062327b,FloorLamp_4062327b,exact,single,hsi_5_0718_209_002,60
the flooring,The dresser stands on the gray flooring.,"Ah... I mean, I think in this case, you should decide because ah so the flooring is gray.",hsi_7_0719_209_003_12_000_color.png,Dresser_29dd319f,floor,exact,single,hsi_7_0719_209_003,12
paint,"The painting hangs above the furniture, creating a focal point.","Yeah, actually... actually it is. Eh it it it makes a really nice cont- contrast and I think it's really nice because it's the center of attention of this whole part here because I have the furniture here and then the paint on top. It's really nice I think it makes a focal area.",hsi_7_0719_209_001_45_003_color.png,Painting_0db0fb84,Painting_0db0fb84,exact,single,hsi_7_0719_209_001,45
the lamp,The floor lamp stands in the corner of the room.,"So one big, one middle and one small brush that you can use for the lamp.",hsi_3_0715_227_003_57_000_color.png,FloorLamp_014221fc,FloorLamp_014221fc,exact,single,hsi_3_0715_227_003,57
curtain,A curtain hangs over Window_4c44c73f.,even if you're alone it can be so I either use that frosting or create a curtain here where that's also handled by remote control to like a cinema curtain that goes,hsi_5_0718_211_003_46_002_color.png,Window_4c44c73f,Window_4c44c73f,exact,single,hsi_5_0718_211_003,46
the couch,The sofa is in the living room.,"You didn't clean the couch very well, I'm sorry, but",hsi_3_0715_227_002_7_000_color.png,sofa,Sofa_8bd689dc,exact,single,hsi_3_0715_227_002,7
the big screen,The painting hangs where the big screen used to be.,"And this painting, you have to change it place with the big screen.",hsi_3_0715_210_011_67_002_color.png,painting,Television_01800a8c,exact,single,hsi_3_0715_210_011,67
the couch,The couch is positioned across from the television.,"And we should have, so, if you have the TV here, you should have the coach like, like there.",hsi_3_0715_227_004_19_001_color.png,television,Sofa_8bd689dc,exact,single,hsi_3_0715_227_004,19
that lamp,The floor lamp stands by the window.,because that lamp is eh f- from my grandmother and I....,hsi_5_0718_209_002_56_000_color.png,FloorLamp_4062327b,FloorLamp_4062327b,exact,single,hsi_5_0718_209_002,56
the keys,The keys hang by the entrance door.,"I mean, this is ah, the keys, of the apartment.",hsi_7_0719_227_002_53_000_color.png,KeyChain_350e8f40,KeyChain_350e8f40,exact,single,hsi_7_0719_227_002,53
the table,The chair fits well at the table with the computer and the painting next to it.,"It fits very well at the table with the computer and the, and the painting just next to it.",hsi_3_0715_209_008_23_001_color.png,Chair_204_2,Desk_204_1,exact,single,hsi_3_0715_209_008,23
an old antique carpet,An old antique rug lies on the floor.,"Yes eh and and eh, as you can see it's also it's it's like that eh jaguar eh and also that one and then it's eh like carpet it's a real carpet ah and eh what I mean by that is that it's eh an old antique carpet",hsi_5_0718_222_002_50_005_color.png,Rug,Rug,exact,single,hsi_5_0718_222_002,50
bear,The teddy bear sits on the couch.,"He's, he's, he just happens to be a stuffed, stuffed bear.",hsi_6_0718_211_001_11_001_color.png,teddy bear,Teddy_Bear_1,exact,single,hsi_6_0718_211_001,11
that box,The box sits with the statue still inside.,"Eh, so the statue was in that box, so I haven't removed it yet, so I forgot.",hsi_5_0718_227_001_13_001_color.png,Box_c423d56d_2,Box_c423d56d_2,exact,single,hsi_5_0718_227_001,13
the coach,The sofa needs cleaning.,So I would like to you to clean up here in the coach.,hsi_3_0715_227_002_22_000_color.png,sofa,Sofa_8bd689dc,exact,single,hsi_3_0715_227_002,22
the carpet,A red pillow lies on the carpet.,"I I w- I would use a little bit more, more color because in the carpet you have red so I would just give pops of red if you want.",hsi_7_0719_222_004_36_000_color.png,pillow,Rug,exact,single,hsi_7_0719_222_004,36
the sofa,The painting hangs above the sofa.,"that one that you put, uh, next to that one and the sofa underneath but where do we put, uh, could you think of, uh, getting another lamp because that takes a lot of space actually",hsi_5_0718_211_003_52_002_color.png,painting,Sofa_b5c02446,exact,single,hsi_5_0718_211_003,52
the TV,The TV is mounted on the wall above the fireplace.,And how about the TV?,hsi_4_0717_209_002_47_000_color.png,Television_002818f8,Television_002818f8,exact,single,hsi_4_0717_209_002,47
this credit card,The credit card lies on the kitchen counter.,What's this credit card doing here?,hsi_4_0717_227_003_24_000_color.png,CreditCard_c655b727,CreditCard_c655b727,exact,single,hsi_4_0717_227_003,24
that light,The floor lamp stands by the desk.,Well then I'll just have to turn that light off.,hsi_4_0717_211_001_72_000_color.png,FloorLamp_75348c2c,FloorLamp_75348c2c,exact,single,hsi_4_0717_211_001,72
it's a plasma,The plasma television is mounted on the wall.,"It's a, no and it's a plasma.",hsi_5_0718_222_002_81_001_color.png,Television_f9d000b1,Television_f9d000b1,exact,single,hsi_5_0718_222_002,81
a couch,A sofa is placed in the room.,"well, there's a couch and a",hsi_4_0717_209_003_12_001_color.png,sofa,sofa,exact,single,hsi_4_0717_209_003,12
this space,The sofa is positioned in the middle of the room.,I think that would open up this space.,hsi_4_0717_209_003_16_001_color.png,sofa,room,exact,single,hsi_4_0717_209_003,16
the laptop,The laptop rests on the main desk.,"Ah, yeah, I should maybe purchase a auxiliary table for the laptop.",hsi_7_0719_210_001_40_000_color.png,Laptop_b59db75f,Laptop_b59db75f,exact,single,hsi_7_0719_210_001,40
the TV,A house plant sits by the TV and another in the window.,By the TV and also one in the window.,hsi_4_0717_211_002_50_000_color.png,house plant,Television_f5fb6360,exact,single,hsi_4_0717_211_002,50
a desk,The desk is placed in the beautiful room.,"Yes, and and now you have [spn] like the the the desk there. Why why do you have a desk in this beautiful room? And and why do you have the sofa?",hsi_5_0718_209_003_4_001_color.png,Desk_204_1,Desk_204_1,exact,single,hsi_5_0718_209_003,4
The bureau,The dresser stands near the couch.,"The bureau! Let's call it a bureau. It's not really but that's the name right now. So desk, bureau and the couch",hsi_4_0717_209_003_35_000_color.png,dresser,dresser,exact,single,hsi_4_0717_209_003,35
the windows,The house plant sits next to the east-facing windows.,"So I would just put them really, really next to the windows and where the sun comes because you're not facing south here, you're facing east.",hsi_7_0719_227_003_66_001_color.png,house plant,Windows,exact,single,hsi_7_0719_227_003,66
that book,The book sits right there.,It's actually that book right there.,hsi_6_0718_209_001_125_000_color.png,Book_7e290dff,Book_7e290dff,exact,single,hsi_6_0718_209_001,125
the table,The table stands near the furniture.,"Eh no, the tables, the table and the and the furniture there.",hsi_7_0719_209_003_15_001_color.png,tables,CoffeeTable_0f0649ce,exact,single,hsi_7_0719_209_003,15
the sofa,The sofa sits near the fireplace.,"safe so you can see if something... and of course, eh wh- what I think would be nice is that [smack] because you you have that fireplace there and and do does it work? It does! Because then I think you should [smack] maybe if we could get rid of the sofa and the armchair and get something that was...",hsi_5_0718_209_003_10_003_color.png,Sofa_dcb895fb,Sofa_dcb895fb,exact,single,hsi_5_0718_209_003,10
mat,The Persian rug lies on the floor.,"Actually, [laugh], you know, this is Persian eh mat, but it's not from Iran.",hsi_3_0715_210_010_5_001_color.png,rug,Rug,exact,single,hsi_3_0715_210_010,5
statue,The white fertility statue stands prominently in the room.,"But I think that statue there, the white one, the lady.",hsi_7_0719_227_002_100_000_color.png,FertilityStatue_dcd19fe9,FertilityStatue_dcd19fe9,exact,single,hsi_7_0719_227_002,100
the painting,The painting hangs on the living room wall.,You cleaned the painting.,hsi_7_0719_211_004_23_000_color.png,Painting_5ebe949b,Painting_5ebe949b,exact,single,hsi_7_0719_211_004,23
a box,The box sits on the big couch.,Is that a box?,hsi_4_0717_210_003_60_000_color.png,Box_acb44c64,Box_acb44c64,exact,single,hsi_4_0717_210_003,60
watch,The television is positioned in the living room for watching sports.,"Ah, because if you have guests, and and as I said, I watch [breath] some sports. I'm not a sports fan, [breath] but if I want to see something and if you invite someone home, you could eh watch the TV.",hsi_5_0718_222_002_83_000_color.png,Television_f9d000b1,Television_f9d000b1,exact,single,hsi_5_0718_222_002,83
old black and white one,The old black and white painting hangs on the wall.,"Uh, this old black and white one.",hsi_4_0717_211_003_48_000_color.png,painting,Painting_5ebe949b,exact,single,hsi_4_0717_211_003,48
that couch,The dog bed is behind the couch.,There's a there's a there's a dog bed behind that couch.,hsi_6_0718_210_002_84_001_color.png,DogBed_d4afafd0,Sofa_b5cc7b35,exact,single,hsi_6_0718_210_002,84
a palm tree,A palm tree stands behind the couch.,"Yes, it's a palm tree.",hsi_6_0718_210_002_136_001_color.png,TropicalPlantLarge (2),TropicalPlantLarge (2),exact,single,hsi_6_0718_210_002,136
sofa table,The sofa is positioned near the table and TV.,We have sofa table TV.,hsi_4_0717_211_003_2_000_color.png,Sofa_b5c02446,CoffeeTable_dd16dc6e,exact,single,hsi_4_0717_211_003,2
the painting,"The chair fits well at the table with the computer, next to the painting.","It fits very well at the table with the computer and the, and the painting just next to it.",hsi_3_0715_209_008_23_003_color.png,Chair_204_2,WallPainting3,exact,single,hsi_3_0715_209_008,23
the plant,The houseplant sits by the window.,"It's nice that I have a little water, a little watering can, you know, to go to the plant and go, do, do, do, do, do, do.",hsi_6_0718_209_001_142_002_color.png,HousePlant_8110ba59,HousePlant_8110ba59,exact,single,hsi_6_0718_209_001,142
the rug,The rug stays under the coffee table.,the rug stays,hsi_6_0718_222_003_44_000_color.png,Rug,Rug,exact,single,hsi_6_0718_222_003,44
a small table,A statue sits on the small table.,"And then you have a small table over there and you have some art, maybe I think the statues",hsi_4_0717_222_003_63_000_color.png,statue,SideTable_cb8929ce,exact,single,hsi_4_0717_222_003,63
a dog,The dog statue sits on the shelf by the window.,It's kind of like a dog.,hsi_6_0718_222_001_128_001_color.png,Dog_Statue_1,Dog_Statue_1,exact,single,hsi_6_0718_222_001,128
the TV,The painting hangs above the TV.,And then you have one focal point here with the TV.,hsi_7_0719_222_004_62_000_color.png,painting,Television_f9d000b1,exact,single,hsi_7_0719_222_004,62
the big one,The big television is mounted on the wall.,"That one, the big one.",hsi_5_0718_211_003_33_001_color.png,Television_f5fb6360,Television_f5fb6360,exact,single,hsi_5_0718_211_003,33
the fireplace,The desk is positioned next to the window.,"Because uh maybe the TV would look really nice on top of the of the fireplace, and then you can move the desk toward this area here, maybe next to the window, which would be nice if you work here to have some natural light while you're working. I think that would be nice.",hsi_7_0719_209_003_25_001_color.png,Desk_204_1,Fireplace,exact,single,hsi_7_0719_209_003,25
The desk,The desk stands against the wall near the fireplace.,The desk.,hsi_5_0718_209_003_18_000_color.png,Desk_204_1,Desk_204_1,exact,single,hsi_5_0718_209_003,18
the statue,The statue stands right in front of you.,"And also I I, that is a gift from a friend, the statue right behind you, right in front of you.",hsi_4_0717_210_001_34_001_color.png,StatueJacket1,StatueJacket1,exact,single,hsi_4_0717_210_001,34
a light one,The light statue stands on a pillar.,"Well, on a pillar. I mean, if the... because there's a black one and a light one.",hsi_4_0717_210_003_44_001_color.png,statue,Statue_b7418b43,exact,single,hsi_4_0717_210_003,44
lights,A chandelier hangs from the ceiling.,You might have noticed I actually have a ton of lights all along the ceiling.,hsi_6_0718_227_001_135_000_color.png,Chandelier,CeilingLights,exact,single,hsi_6_0718_227_001,135
the rug,The red garbage bin sits next to the desk by the rug.,Or maybe if you want to keep one then keep the red one cuz that goes well together with with the rug and you can have that next to your desk.,hsi_4_0717_222_003_47_003_color.png,garbage bin,Rug,exact,single,hsi_4_0717_222_003,47
an ugly lamp,An ugly lamp stands in the corner.,"Except here, there's an ugly lamp.",hsi_6_0718_222_003_84_000_color.png,FloorLamp_0211624d,FloorLamp_0211624d,exact,single,hsi_6_0718_222_003,84
this sofa,The television is positioned to be viewed from the sofa.,"And then this ah s-, this sofa is really working for that. So, the whole set is just put to be able to see the movies.",hsi_7_0719_227_002_59_000_color.png,Television_905e84a9,Sofa_8bd689dc,exact,single,hsi_7_0719_227_002,59
The desk,The desk disrupts the room's atmosphere.,"The desk, you you can't have that here because it's eh ruining the whole atmosphere.",hsi_5_0718_209_003_7_000_color.png,Desk_204_1,Desk_204_1,exact,single,hsi_5_0718_209_003,7
the couch,A mark is visible on the couch.,"Oh, that mark on the, on the couch, you see?",hsi_3_0715_210_010_85_001_color.png,sofa,Sofa_b5cc7b35,exact,single,hsi_3_0715_210_010,85
this window,The window extends up to the fourth floor.,"So, eh,  like this window, it's windows all the way up to the fourth floor.",hsi_5_0718_211_002_6_000_color.png,Window_4c44c73f,Window_4c44c73f,exact,single,hsi_5_0718_211_002,6
Table with a TV on it,The TV stand sits to the side with a TV on it.,"Table with a TV on it to this side instead because they have like that table, the lamp and the chair, they go together, nicely you take this sofa and put that on that wall instead.",hsi_4_0717_211_003_27_000_color.png,TVStand_5591333a,TVStand_5591333a,exact,single,hsi_4_0717_211_003,27
a different remote,The remote sits on the coffee table.,This is a different remote.,hsi_7_0719_211_004_62_001_color.png,RemoteControl_6b6acd0d,RemoteControl_6b6acd0d,exact,single,hsi_7_0719_211_004,62
chair,The armchair is next to the sack of bags.,"chair or you don't have any sofa or anything and we just just have things like that little cushion there or even, uh, the sack of bags",hsi_5_0718_210_003_45_000_color.png,ArmChairMesh,ArmChairMesh,exact,single,hsi_5_0718_210_003,45
this book,The book and badminton rackets are placed together on the shelf.,"Also th- this book together with the badminton rackets. Eh, I, That's not placed there by accident. Eh It's actually one of the world's greatest eh badminton players, eh Sarah Nicholson.",hsi_5_0718_222_002_54_000_color.png,Tennis_Racquet_4,Book_28,exact,single,hsi_5_0718_222_002,54
red bin,The red garbage bin is next to the blue bin.,The blue bin and the red bin.,hsi_4_0717_222_003_44_001_color.png,garbage bin,RedGarbageCan_97c506a7_2,exact,single,hsi_4_0717_222_003,44
the ceiling,The lamp is in the ceiling.,in the ceiling.,hsi_4_0717_211_001_58_000_color.png,lamp,ceiling,exact,single,hsi_4_0717_211_001,58
a beautiful chair,The beautiful chair is in the room.,"I mean, would, would a crazy person have, have a beautiful chair like this?",hsi_6_0718_210_001_30_000_color.png,Chair_c6d435d0,Chair_c6d435d0,exact,single,hsi_6_0718_210_001,30
chandelier,The pillow is inside the box.,"Pillow, box, uh, chandelier, box, right?",hsi_6_0718_227_002_99_002_color.png,pillow,Chandelier,exact,single,hsi_6_0718_227_002,99
the wall,A painting hangs on the wall.,I really love my the pictures I have on the wall.,hsi_3_0715_209_006_11_001_color.png,painting,Wall,exact,single,hsi_3_0715_209_006,11
the chair,The chair is placed in the room.,Why Why is there the chair?,hsi_6_0718_210_002_65_000_color.png,Chair_c6d435d0,Chair_c6d435d0,exact,single,hsi_6_0718_210_002,65
this lamp,The floor lamp stands beside the sofa.,But this lamp is looking very...,hsi_4_0717_209_002_54_000_color.png,FloorLamp_4062327b,FloorLamp_4062327b,exact,single,hsi_4_0717_209_002,54
The box,The box sits on the shelf near the window.,The box?,hsi_6_0718_222_001_156_000_color.png,Box_7d6b3e2c,Box_7d6b3e2c,exact,single,hsi_6_0718_222_001,156
the big screen,The floor lamp stands to the right of the big screen.,But with the big screen we could maybe have the lamp to the right and we make this little reading place here.,hsi_3_0715_210_011_30_000_color.png,FloorLamp_82e14abb,Television_01800a8c,exact,single,hsi_3_0715_210_011,30
a designer bin,The designer bin is placed beside the kitchen counter.,"Alright ah but ah because it's a designer bin, um... but... so it's not not very expensive, but eh c- could you... pay something for it?",hsi_5_0718_209_002_31_001_color.png,GarbageCan_cf0fc6b1,GarbageCan_cf0fc6b1,exact,single,hsi_5_0718_209_002,31
the desk,The desk is in the room.,"And how about the cleaning is like the, the desk? Is it, did you dust it?",hsi_4_0717_209_002_12_000_color.png,Desk_204_1,Desk_204_1,exact,single,hsi_4_0717_209_002,12
the TV,The watch and tennis racket lie on the surface next to the TV.,"Yeah, that's true. Watch. And the tennis racket next to the TV, I mean,",hsi_4_0717_222_003_60_002_color.png,surfaces,Television_f9d000b1,exact,single,hsi_4_0717_222_003,60
the remote control,The remote control lies next to the TV.,wherever you put the TV you put the remote control it's no problem,hsi_5_0718_210_003_71_001_color.png,RemoteControl_827d4f47,RemoteControl_827d4f47,exact,single,hsi_5_0718_210_003,71
the tele,The remote sits on the mantel above the fireplace.,"The remote also turns on the tele, uh",hsi_6_0718_222_001_19_001_color.png,fireplace,Television_f9d000b1,exact,single,hsi_6_0718_222_001,19
the floor,The dresser stands on the gray floor.,"So uh I don't know if the furniture should be gray, same as the floor",hsi_7_0719_209_003_13_001_color.png,Dresser_29dd319f,floor,exact,single,hsi_7_0719_209_003,13
Phone,The phone lies on the table.,Phone.,hsi_6_0718_211_002_92_000_color.png,CellPhone_673ecda8,CellPhone_673ecda8,exact,single,hsi_6_0718_211_002,92
phone,The phone rests on the bookcase.,"I'm structured if you can't think that when I just throw my phone and things like that, but I'm, I'm very structured and But I have a very vivid fantasy",hsi_5_0718_211_002_47_000_color.png,BookCase_a34d9887,CellPhone_673ecda8,exact,single,hsi_5_0718_211_002,47
the other woman,The fertility statue shards were found in California.,"Yeah, and, I, eh, the other woman, eh, we found her in California, actually.",hsi_3_0715_209_006_54_000_color.png,Fertility_Statue_Shards_1,Fertility_Statue_Shards_1,exact,single,hsi_3_0715_209_006,54
the couch,The sofa is positioned facing the fireplace.,And then you would just take the couch like that and have the chair there.,hsi_4_0717_209_003_21_000_color.png,sofa,sofa,exact,single,hsi_4_0717_209_003,21
keys,The keys rest on the table.,And please don't leave keys on the table.,hsi_4_0717_227_002_34_000_color.png,KeyChain_350e8f40,KeyChain_350e8f40,exact,single,hsi_4_0717_227_002,34
Television,The television rests on the stand.,Television.,hsi_6_0718_211_002_131_000_color.png,Television_f5fb6360,Television_f5fb6360,exact,single,hsi_6_0718_211_002,131
the table,The corner table stands beautifully with everything around it.,"And then I'm thinking this is beautiful here, I think, with the table and everything.",hsi_4_0717_227_002_12_001_color.png,corner2,DiningTable_d80cf940,exact,single,hsi_4_0717_227_002,12
red bin,The red garbage bin sits by the window.,"Every day when I come home, I put my... bad thoughts in the red bin and I put my good thoughts in the blue bin. And every morning I open the bin... eller... or the window sorry. [laugh] I'm a bit tired so [I] open the window and I pour out the bad thoughts so every day I'm getting rid of my bad thoughts from the day before and then I...",hsi_5_0718_222_002_15_000_color.png,garbage bin,RedGarbageCan_97c506a7_2,exact,single,hsi_5_0718_222_002,15
the couch,The television is positioned across from the couch.,Then it's possible to just sit in the couch or the chair to watch the TV.,hsi_4_0717_209_003_40_001_color.png,television,sofa,exact,single,hsi_4_0717_209_003,40
the panda,The panda teddy bear sits on the shelf.,"No, I don't want the panda. You take the panda.",hsi_4_0717_211_002_34_000_color.png,Teddy_Bear_2,Teddy_Bear_2,exact,single,hsi_4_0717_211_002,34
TV,The television is mounted on the wall.,"Yes, d- do you watch TV a lot",hsi_5_0718_209_003_12_000_color.png,Television_002818f8,Television_002818f8,exact,single,hsi_5_0718_209_003,12
the table,The table sits under the chandelier in the corner.,"Yeah, the chandelier and the table under the cha- chandelier with... It's nice and spacious, which is beautiful.",hsi_4_0717_227_002_13_001_color.png,corner2,DiningTable_d80cf940,exact,single,hsi_4_0717_227_002,13
the pillow,The pillow is inside the box.,Yes f- of course it looks ugly and you will stumble over it. [breath] Eh so uh [breath] you can put that... pillow in eh put the pillow in that and throw it away.,hsi_5_0718_227_002_39_003_color.png,Box_c423d56d_2,pillow_20,exact,single,hsi_5_0718_227_002,39
the table,The sofa table supports the TV.,Is it almost looks like they're bought together and also that one. I mean the table that the TV lies on.,hsi_4_0717_211_003_5_002_color.png,Sofa_b5c02446,TVStand_5591333a,exact,single,hsi_4_0717_211_003,5
a window,The window opens to mimic a balcony twelve meters above the ground.,"Eh, it's a window. So so you're just supposed to think it's a balcony. But you can actually open it... [breath] that way. Uh because if you would open it that way you would walk out uh... But it's... eh since we are eh [breath] twelve meters up in the air you don't want to fall over the...",hsi_5_0718_227_001_1_001_color.png,Windows,Windows,exact,single,hsi_5_0718_227_001,1
the sofa,The sofa sits between the fireplace and the armchair.,"eh [breath] like, a whole couch, that uh sits together, or, maybe, we could also, place the sofa between...",hsi_5_0718_209_003_11_000_color.png,Sofa_dcb895fb,Sofa_dcb895fb,exact,single,hsi_5_0718_209_003,11
that sofa,The dog bed is behind the sofa.,"Oh, there's something behind that sofa there, actually.",hsi_6_0718_210_002_78_000_color.png,DogBed_d4afafd0,Sofa_b5cc7b35,exact,single,hsi_6_0718_210_002,78
tennis racket,The book lies next to the tennis racket.,"once this tennis, tennis racket breaks, just pick this and just start throwing it.",hsi_6_0718_222_003_179_001_color.png,book,Tennis_Racquet_4,exact,single,hsi_6_0718_222_003,179
the man,The statue stands near the man over there.,If we change with the man over there.,hsi_3_0715_227_004_44_000_color.png,statue2,Statue_0ba19690,exact,single,hsi_3_0715_227_004,44
monitor,The laptop sits next to the monitor.,"I just I just Yeah, I have a remote job, at least so I can, you can see over there at my, my monitor and my computer, I can't connect them.",hsi_6_0718_209_001_33_001_color.png,Laptop_c535f2bc,Desk_204_1,exact,single,hsi_6_0718_209_001,33
That book,The book lies on the desk.,"That book, it also has, I mean, like knowledge is just, yeah.",hsi_6_0718_209_003_164_000_color.png,Book_7e290dff,Book_7e290dff,exact,single,hsi_6_0718_209_003,164
statue,The dog statue sits at the end of the mantelpiece.,"Actually, like, eeh, the only thing you need to do is that little, little Jade's dog statue, move it to the, to the end of the mantelpiece, right?",hsi_6_0718_222_003_185_001_color.png,Dog_Statue_1,Dog_Statue_1,exact,single,hsi_6_0718_222_003,185
the desk,The desk faces the picture.,So I could actually put the desk facing the... the picture.,hsi_7_0719_209_001_23_000_color.png,Desk_204_1,Desk_204_1,exact,single,hsi_7_0719_209_001,23
the couch,The sofa sits in the living room.,"Let me think, I don't know about the couch.",hsi_4_0717_211_003_11_000_color.png,Sofa_b5c02446,Sofa_b5c02446,exact,single,hsi_4_0717_211_003,11
the tennis racket,The tennis racket rests next to the TV.,"Yeah, that's true. Watch. And the tennis racket next to the TV, I mean,",hsi_4_0717_222_003_60_001_color.png,surfaces,Tennis_Racquet_4,exact,single,hsi_4_0717_222_003,60
the couch,The sofa is positioned there.,or maybe we should have like the couch there,hsi_4_0717_210_003_19_000_color.png,Sofa_b5cc7b35,Sofa_b5cc7b35,exact,single,hsi_4_0717_210_003,19
golden lady on the table,The golden statue stands on the table.,"but this is my golden piece, the golden lady on the table",hsi_4_0717_227_004_34_001_color.png,Statue_5f1e0f9c,Statue_5f1e0f9c,exact,single,hsi_4_0717_227_004,34
the statues,The dusty statues are visible from here.,"So, uh yeah, all the statues, this one, this one, from, still from here I can see it's it's it's dusty.",hsi_3_0715_227_003_28_000_color.png,artwork,Statue_0ba19690,exact,single,hsi_3_0715_227_003,28
the TV,The television is positioned across from the couch and chair.,Then it's possible to just sit in the couch or the chair to watch the TV.,hsi_4_0717_209_003_40_003_color.png,television,television,exact,single,hsi_4_0717_209_003,40
the roof,The painting hangs on the roof alongside the plants.,And it goes so well together with the plants hanging there on the roof.,hsi_4_0717_210_001_49_002_color.png,Painting_0f25d3f4_3,ceiling,exact,single,hsi_4_0717_210_001,49
the card,The card is for the trash room.,And the card is uh for the um trash room.,hsi_7_0719_211_002_70_000_color.png,CreditCard_1f5b07d9,CreditCard_1f5b07d9,exact,single,hsi_7_0719_211_002,70
the computer,The computer sits on the small table with a drawer.,"Tha- the statue? No not that not that table the table the the small one here with the drawer, because you can open the drawer and put things there inside as well. So I think that that might work. Of course the computer I don't... Do you keep it there normally?",hsi_7_0719_222_004_28_003_color.png,CoffeeSideTable_ecd457feTable_55f895de,Laptop_4,exact,single,hsi_7_0719_222_004,28
lamp,The desk lamp with a glued head sits on the radiator.,I got so you might you might have noticed it's it's kind of weird looking actually that's a that's a that's a radiator that I then glued the head of another lamp onto.,hsi_6_0718_210_001_94_002_color.png,DeskLamp_3d0b0fb7,DeskLamp_3d0b0fb7,exact,single,hsi_6_0718_210_001,94
a television,The television is in the room.,It's like you can't have a television in a room because it distracts.,hsi_6_0718_209_003_35_000_color.png,Television_002818f8,Television_002818f8,exact,single,hsi_6_0718_209_003,35
the big plants,The big palm tree stands in the corner.,"Keep the plant over there because it, it will be nice. Oh, I know, uh, sorry the big plants. The big palm tree.",hsi_4_0717_211_003_28_002_color.png,HousePlant1Large_2,HousePlant1Large_2,exact,single,hsi_4_0717_211_003,28
the big couch,The remote control lies on the big couch.,on the big couch,hsi_4_0717_210_003_54_000_color.png,RemoteControl_827d4f47,ArmChairMesh,exact,single,hsi_4_0717_210_003,54
higher table,The statue sits on a higher table.,"I think it's good. I think it gives uh kind of a focal point as well, but I would actually put it in an in a higher table.",hsi_7_0719_222_004_73_003_color.png,Statue_24d96a63,SideTable_cb8929ce,exact,single,hsi_7_0719_222_004,73
the carpet,"The rug lies on the floor, slightly faded by the sun.",I understand but I see that the carpet changed a bit color and I think it's because of the sun. It has come... it has changed the color of the carpet.,hsi_3_0715_209_008_43_000_color.png,Rug,Rug,exact,single,hsi_3_0715_209_008,43
the walls,WallPainting3 is displayed on the walls.,with a lot of paintings in the ceiling and on the walls.,hsi_4_0717_209_001_27_001_color.png,WallPainting3,WallPainting3,exact,single,hsi_4_0717_209_001,27
the couch,The brown couch sits plainly in the room.,"But also the couch, I think, um yeah, the brown, it's a little bit ah too plain for this room.",hsi_7_0719_210_002_6_000_color.png,Sofa_b5cc7b35,Sofa_b5cc7b35,exact,single,hsi_7_0719_210_002,6
the figure,The green marble dog statue is visible there.,"And eh if you can see the the figure there, it's ah green marble.",hsi_7_0719_222_002_10_000_color.png,Dog_Statue_1,Dog_Statue_1,exact,single,hsi_7_0719_222_002,10
the dark desk,The dark desk sits under the painting on the wall.,"If the desk were to be under that, that would look much more like one piece of furniture, go together quite well, I think, with the dark desk and the",hsi_4_0717_209_003_50_003_color.png,painting,desk,exact,single,hsi_4_0717_209_003,50
that bin,The garbage can is placed by the door.,And why did I put that bin over there?,hsi_5_0718_210_002_54_000_color.png,GarbageCan_43439bc1,GarbageCan_43439bc1,exact,single,hsi_5_0718_210_002,54
TV,The television stands against the wall.,Did you... break the glass? Of the... TV?,hsi_7_0719_211_004_36_001_color.png,Television_f5fb6360,Television_f5fb6360,exact,single,hsi_7_0719_211_004,36
Stars in the Night,"The painting ""Stars in the Night"" hangs on the wall.",Stars in the Night or something. And and have you seen the film Notting Hill?,hsi_5_0718_222_002_26_000_color.png,painting,Painting_eda6d5e1 (1),exact,single,hsi_5_0718_222_002,26
that pillow,"The box sits on the floor, ready to hold the pillow.",Yes f- of course it looks ugly and you will stumble over it. [breath] Eh so uh [breath] you can put that... pillow in eh put the pillow in that and throw it away.,hsi_5_0718_227_002_39_002_color.png,Box_c423d56d_2,pillow_20,exact,single,hsi_5_0718_227_002,39
honeycomb lamp,The honeycomb lamp stands by the box of honey nut Cheerios.,"Yeah, I got my honeycomb lamp there for my honey nut Cheerios.",hsi_6_0718_227_001_100_000_color.png,Floor_Lamp_9,Floor_Lamp_9,exact,single,hsi_6_0718_227_001,100
the painting,The painting hangs above the drawers.,"And we have to put up the painting a little bit higher, so it doesn't it's become too close to the table.",hsi_3_0715_227_004_65_000_color.png,Drawers,Painting_14c2df0d,exact,single,hsi_3_0715_227_004,65
the TV,The remote control lies next to the TV.,wherever you put the TV you put the remote control it's no problem,hsi_5_0718_210_003_71_000_color.png,RemoteControl_827d4f47,Television_01800a8c,exact,single,hsi_5_0718_210_003,71
a new sofa,A new sofa is needed in the living room.,"I don't know what what your budget is, but could you, uh, think of buying a new sofa?",hsi_5_0718_210_003_7_000_color.png,Sofa_b5cc7b35,Sofa_b5cc7b35,exact,single,hsi_5_0718_210_003,7
windows,The window is located on the far wall.,And then of course what we should have to do You know there's a new technique now where you put a screen there are special windows,hsi_5_0718_211_003_44_001_color.png,Window_4c44c73f,Window_4c44c73f,exact,single,hsi_5_0718_211_003,44
this remote,The remote lies on the mantel above the fireplace.,"Yeah, this, this remote, it's not just for the television.",hsi_6_0718_222_001_18_001_color.png,fireplace,RemoteControl_5a0e7720,exact,single,hsi_6_0718_222_001,18
the armchair,The armchair is positioned next to the couches.,"Ah every every eh... No, I inherited the couch couches and the armchair.",hsi_5_0718_222_002_72_002_color.png,ArmChair_3ba6dec5,ArmChair_3ba6dec5,exact,single,hsi_5_0718_222_002,72
laptop,The laptop rests on the carpet by the window.,"Oh, it's just standing there because I I didn't move it. Y- you can see I... I usually sit there because then I can watch out eh through the window. And and I like that one because I... I... I like to have a laptop because eh then I can... sit anywhere I want. I like to, sometimes I sit on the carpet here ah and sometimes, oh!",hsi_5_0718_227_001_40_005_color.png,Laptop_d9d44fbe,Laptop_d9d44fbe,exact,single,hsi_5_0718_227_001,40
that trash,The trash can is placed near the radiator.,Let's see what else I got. I got that trash can.,hsi_6_0718_210_001_114_000_color.png,GarbageCan_43439bc1,GarbageCan_43439bc1,exact,single,hsi_6_0718_210_001,114
bureau,The dresser stands near the couch.,"The bureau! Let's call it a bureau. It's not really but that's the name right now. So desk, bureau and the couch",hsi_4_0717_209_003_35_004_color.png,dresser,dresser,exact,single,hsi_4_0717_209_003,35
this huge furniture,The large dresser stands against the wall.,"Bureau, I don't even know. I forgot the name of it... but this huge furniture.",hsi_4_0717_209_003_25_002_color.png,dresser,dresser,exact,single,hsi_4_0717_209_003,25
Phone,The phone lies on the coffee table.,Phone keys keys keys.,hsi_4_0717_211_002_43_000_color.png,CoffeeTable_dd16dc6e,CellPhone_673ecda8,exact,single,hsi_4_0717_211_002,43
the gold one,The gold pot sits on the shelf.,"Like that red one and that, and the, the, the gold one.",hsi_6_0718_227_001_67_001_color.png,pots2,Vase_ba57ab3d,exact,single,hsi_6_0718_227_001,67
keys,The car keys are on the couch.,And there are my car keys.,hsi_6_0718_209_001_18_000_color.png,KeyChain_bcaeb4b5,KeyChain_bcaeb4b5,exact,single,hsi_6_0718_209_001,18
"box, right?",The pillow is in the box on the right.,"Pillow, box, uh, chandelier, box, right?",hsi_6_0718_227_002_99_003_color.png,pillow,Box_c423d56d_2,exact,single,hsi_6_0718_227_002,99
this racket,The tennis racquet lies next to the book.,"She had this racket in, when she won the Olympics.",hsi_5_0718_222_002_55_000_color.png,Tennis_Racquet_4,Tennis_Racquet_4,exact,single,hsi_5_0718_222_002,55
television,The television rests on the TV stand.,"See this guy over here, what, what your, what your television's laying on, right?",hsi_6_0718_211_002_12_001_color.png,TVStand_5591333a,Television_f5fb6360,exact,single,hsi_6_0718_211_002,12
that table,The coffee table is near the box.,"Yeah, I think that table should go away. Yeah, I think that that could work and and this table um I mean, I don't know if it's actual f- actually functional for you but um",hsi_7_0719_222_004_20_000_color.png,CoffeeTable_55f895de,SideTable_e3936eb3,exact,single,hsi_7_0719_222_004,20
the painting,The painting hangs on the wall above the fireplace.,Do you know how to do with the painting?,hsi_3_0715_227_003_9_000_color.png,Painting_14c2df0d,Painting_14c2df0d,exact,single,hsi_3_0715_227_003,9
an open space,The open space is available for morning yoga.,And I like an open space because I can do my morning yoga here and yeah.,hsi_5_0718_210_001_143_000_color.png,rom,room,exact,single,hsi_5_0718_210_001,143
more men,The statue of a naked man stands right in front of you.,"Yeah, well, I think she thinks she wishes me more men in my life.",hsi_4_0717_210_001_40_000_color.png,StatueJacket1,StatueJacket1,exact,single,hsi_4_0717_210_001,40
Monet shmoney,The painting hangs above the fireplace.,"Monet shmoney, that's what I say.",hsi_6_0718_222_001_60_000_color.png,Painting_eda6d5e1,Painting_eda6d5e1,exact,single,hsi_6_0718_222_001,60
the carpet,The rug lies on the carpet.,Put something on the carpet I will just kill them.,hsi_7_0719_222_002_65_000_color.png,Rug,Rug,exact,single,hsi_7_0719_222_002,65
that box,The box sits randomly in the room.,"Oh, this one, which is, which is about, oh, that box. No, but that looks random.",hsi_4_0717_222_003_52_001_color.png,Box_7d6b3e2c,Box_7d6b3e2c,exact,single,hsi_4_0717_222_003,52
no floor,There is no floor in this area.,"And that was actually, eh, there was no floor here.",hsi_5_0718_211_002_7_000_color.png,Floor,Floor,exact,single,hsi_5_0718_211_002,7
the floor,The coffee table stands on the floor.,"And I love the little part here because also, when you're cleaning, you can put everything down on the little part, you know, and easy, otherwise, on the floor and everything.",hsi_3_0715_227_001_38_001_color.png,coffee table,floor,exact,single,hsi_3_0715_227_001,38
that waste,The waste bin is positioned near the door.,And what about that waste bin over there? What's that doing there?,hsi_4_0717_211_002_7_000_color.png,GarbageCan_133fd689,GarbageCan_133fd689,exact,single,hsi_4_0717_211_002,7
This plant,The plant sits on the shelf above.,"This plant up here, it's fine where it is, yeah.",hsi_6_0718_222_003_184_000_color.png,HousePlant_c50ca552,HousePlant_c50ca552,exact,single,hsi_6_0718_222_003,184
that fireplace,The fireplace is located behind you.,"I mean, if you're gonna, if, if you're having issues with your eyes, you probably shouldn't turn on that that fireplace behind you, right?",hsi_6_0718_222_003_142_001_color.png,fireplace,fireplace,exact,single,hsi_6_0718_222_003,142
friend,The teddy bear sits on the couch.,"Uh, no, no, that's, that's, uh, that's my, that's my friend.",hsi_6_0718_211_001_9_001_color.png,teddy bear,Teddy_Bear_1,exact,single,hsi_6_0718_211_001,9
the sofa,The sofa is positioned near the window.,"You want to have the sofa here or if you want to keep this sofa, we could have another sofa.",hsi_5_0718_211_003_42_000_color.png,Sofa_b5c02446,Sofa_b5c02446,exact,single,hsi_5_0718_211_003,42
the painting,The painting hangs on the wall.,"Yeah, pretend like when someone says something like slightly obnoxious to you, use it as an excuse to get really upset and start smashing the painting.",hsi_6_0718_222_003_108_000_color.png,painting,Painting_eda6d5e1,exact,single,hsi_6_0718_222_003,108
the television,The painting hangs above the shelf with the artwork.,"where do we put the television if we put the couch over there, hmm,  because it's so much whe-where it depends on because okay let's remove that one but then uh the shelf with the artwork and then but those paintings are so nice so you you want to have them i thought of putting the",hsi_5_0718_211_003_50_000_color.png,painting,Television_f5fb6360,exact,single,hsi_5_0718_211_003,50
the carpet,The garbage can sits on the carpet.,Because it matches a little bit with the carpet.,hsi_7_0719_222_004_69_001_color.png,garbage can,Rug,exact,single,hsi_7_0719_222_004,69
the laptop,The laptop is positioned near the statues.,"Yeah, Yeah, I I wouldn't I wouldn't put like the laptop close by to the s- to the statues because, in that case you would be uh moving the laptop or just working there and then... I mean you're really close to the statues and then maybe some ah accident happens and then you break some of uh the statues. So I I wouldn't do that.",hsi_7_0719_209_003_31_000_color.png,Laptop_c535f2bc,Laptop_c535f2bc,exact,single,hsi_7_0719_209_003,31
the fireplace,The desk is positioned near the fireplace.,"I mean, that desk is a little bit uh confusing in position, because because you have the fireplace here, and maybe you want to make that your focal point.",hsi_7_0719_209_003_24_001_color.png,Desk_204_1,Fireplace,exact,single,hsi_7_0719_209_003,24
the roof,The houseplant hangs from the roof.,"I mean, you can maybe hang it, from the roof.",hsi_7_0719_222_004_48_001_color.png,HousePlant_c50ca552,Ceiling,exact,single,hsi_7_0719_222_004,48
that box,"The lamp, disguised as a box, sits on the shelf.","Yeah. And and you see that... box? It's actually not a box. It's a a lamp and I think that's quite fun, a fun lamp so it's eh",hsi_5_0718_222_002_60_000_color.png,Box_7d6b3e2c,Box_7d6b3e2c,exact,single,hsi_5_0718_222_002,60
the desk,The dining table is by the desk.,By where the desk is.,hsi_4_0717_211_001_69_000_color.png,DiningTable_2401ee04,DiningTable_2401ee04,exact,single,hsi_4_0717_211_001,69
this lamp,The lamp stands beside the sofa.,"This, this lamp.",hsi_6_0718_222_003_56_001_color.png,FloorLamp_0211624d,FloorLamp_0211624d,exact,single,hsi_6_0718_222_003,56
this new couch,The new couch sits in the living room.,"Yeah, and I think, and I bought this new couch.",hsi_4_0717_210_001_21_000_color.png,Sofa_b5cc7b35,Sofa_b5cc7b35,exact,single,hsi_4_0717_210_001,21
these plants,The tongue of mother-in-law plant is by the window.,"What's nice with these plants too, like the, that's called the tongue of mother-in-law, the one by the window in Swedish.",hsi_5_0718_210_001_8_000_color.png,HousePlant_2924821c,HousePlant_2924821c,exact,single,hsi_5_0718_210_001,8
desk,The laptop sits on the desk.,"So, ah but it was just because of that. No, no, no, I don't store it here. I normally would put it on the desk.",hsi_7_0719_209_001_53_001_color.png,Laptop_c535f2bc,Desk_204_1,exact,single,hsi_7_0719_209_001,53
the fireplace,The dark painting hangs above the fireplace.,"Yeah, me too, because it's, eh so if if you could have that, bi- be- be- eh that one, the dark one, if you put that above the fireplace, and then you have the sofa over there, so you can sit and and watch this beautiful eh scenery you have outside.",hsi_5_0718_209_003_28_003_color.png,painting,fireplace,exact,single,hsi_5_0718_209_003,28
the sofa,The sofa is in the living room.,"Everything, actually, even the sofa.",hsi_5_0718_210_003_5_000_color.png,Sofa_b5cc7b35,Sofa_b5cc7b35,exact,single,hsi_5_0718_210_003,5
an antique carpet,An antique carpet lies beneath the dining table.,an antique carpet.,hsi_5_0718_222_003_12_000_color.png,Rug,Rug,exact,single,hsi_5_0718_222_003,12
that table,The side table with a box sits nearby.,"But maybe that table there, the one with box, I think uh that is not really functional.",hsi_7_0719_222_004_17_000_color.png,side table,SideTable_e3936eb3,exact,single,hsi_7_0719_222_004,17
the couch,The laptop sits on the couch.,"Like ah, y- y- you lift them, and then you put... put them closer to to the couch, and then you can work there.",hsi_7_0719_209_003_28_000_color.png,cLaptop_c535f2bc,Sofa_dcb895fb,exact,single,hsi_7_0719_209_003,28
the window,The window frames the view in the living room.,"So I was really designing this whole place with that idea. I think it's really trending now, and I really like it and I think the the window and everything gives really that vibe.",hsi_7_0719_227_002_4_001_color.png,furniture,Windows,exact,single,hsi_7_0719_227_002,4
a cheetah,The bookcase holds a cheetah figurine from India.,"no it's a cheetah, ah, yes it's a cheetah and, uh, that one is from, uh, india and, uh, it's really",hsi_5_0718_211_002_61_001_color.png,BookCase_a34d9887,Statue_f6df1c73,exact,single,hsi_5_0718_211_002,61
Persian,The Persian rug lies in front of the fireplace.,Persian.,hsi_6_0718_209_003_134_000_color.png,Rug,Rug,exact,single,hsi_6_0718_209_003,134
that table,The bright table is in the corner.,"No, I I like that table more the, the bright.",hsi_4_0717_222_003_76_000_color.png,corner4,SideTable_cb8929ce,exact,single,hsi_4_0717_222_003,76
the laptop,The laptop sits near the statues.,I don't think uh I would put the laptop there.,hsi_7_0719_209_003_34_000_color.png,laptop,Laptop_c535f2bc,exact,single,hsi_7_0719_209_003,34
those keys,The keys are scattered on the floor.,"God, I uh have to remember to move those keys because [laugh] I threw them everywhere. I forgot I threw them there.",hsi_5_0718_227_001_41_000_color.png,KeyChain_350e8f40,KeyChain_350e8f40,exact,single,hsi_5_0718_227_001,41
the green one,The green dog statue is on the shelf.,But how is the green one doing?,hsi_4_0717_222_002_13_000_color.png,Dog_Statue_1,Dog_Statue_1,exact,single,hsi_4_0717_222_002,13
the TV,The painting hangs near the TV.,"So because I think here you have a situation in which the paint is taking too much attention from the TV, and you want more directed attention there.",hsi_7_0719_222_004_63_002_color.png,painting,Television_f9d000b1,exact,single,hsi_7_0719_222_004,63
the blanket,The blanket drapes over the black armchair.,"Ah, the black one is better, and I think also if you can put some uh spots of color with the with the blanket and with the pillow and this kind of things, it would actually look better.",hsi_7_0719_210_002_7_001_color.png,ArmChairMesh,Blanket,exact,single,hsi_7_0719_210_002,7
the couch,The dresser stands near the couch.,"The bureau! Let's call it a bureau. It's not really but that's the name right now. So desk, bureau and the couch",hsi_4_0717_209_003_35_005_color.png,dresser,sofa,exact,single,hsi_4_0717_209_003,35
the television,The television box is next to the remote.,"like the phone, the credit card, the computer, maybe the television, the remote, obviously.",hsi_6_0718_211_002_164_003_color.png,box,Television_f5fb6360,exact,single,hsi_6_0718_211_002,164
the painting,"The painting hangs opposite another painting, creating a reflection.", the painting...Here. It makes a reflection to the other painting there.,hsi_3_0715_227_004_12_000_color.png,painting,Painting_14c2df0d,exact,single,hsi_3_0715_227_004,12
the card,The card lies on the entryway table.,"And that is ah, the card, for the entrance, cause we have a BIP code.",hsi_7_0719_227_002_54_001_color.png,CreditCard_c655b727,CreditCard_c655b727,exact,single,hsi_7_0719_227_002,54
this lamp,The lamp hangs above the dining table.,So I really like this lamp.,hsi_5_0718_222_002_71_000_color.png,Lamp,Lamp,exact,single,hsi_5_0718_222_002,71
this bench,The drawers are positioned near the bench.,"Eh, and also you see the, this bench here.",hsi_5_0718_227_001_14_000_color.png,Drawers,Drawers,exact,single,hsi_5_0718_227_001,14
That credit card,The credit card lies on the table.,That credit card over there should do nicely.,hsi_6_0718_209_003_179_000_color.png,CreditCard_5794fee0,CreditCard_5794fee0,exact,single,hsi_6_0718_209_003,179
the sofa,The desk is placed near the sofa in the room.,"Yes, and and now you have [spn] like the the the desk there. Why why do you have a desk in this beautiful room? And and why do you have the sofa?",hsi_5_0718_209_003_4_003_color.png,Desk_204_1,Sofa_dcb895fb,exact,single,hsi_5_0718_209_003,4
the rug,The rug lies beneath the coffee table.,And the rug.,hsi_6_0718_222_003_30_000_color.png,Rug,Rug,exact,single,hsi_6_0718_222_003,30
the table,The key chain lies on the table.,You can't put them on the table!,hsi_4_0717_211_002_23_001_color.png,key chain,CoffeeTable_dd16dc6e,exact,single,hsi_4_0717_211_002,23
the carpet,The rug lies in the center of the room.,"No, but you moved the carpet.",hsi_7_0719_211_004_74_000_color.png,Rug,Rug,exact,single,hsi_7_0719_211_004,74
the ceiling,The ceiling plant hangs overhead.,"So this could be really, we, we should do something about those plants in the ceiling.",hsi_5_0718_210_003_74_001_color.png,ceiling plant,Ceiling,exact,single,hsi_5_0718_210_003,74
a tripod,The floor lamp stands like a tripod in the room.,it's like a tripod.,hsi_6_0718_227_001_126_001_color.png,FloorLamp_014221fc,FloorLamp_014221fc,exact,single,hsi_6_0718_227_001,126
painting,The painting hangs on the wall over there.,painting over there and the vases.,hsi_4_0717_211_002_45_000_color.png,WallPainting9,WallPainting9,exact,single,hsi_4_0717_211_002,45
Fireplace,The fireplace is built into the wall.,Fireplace?,hsi_6_0718_209_003_75_000_color.png,Fireplace,Fireplace,exact,single,hsi_6_0718_209_003,75
this box,The box sits on the shelf near the window.,What's this box?,hsi_4_0717_227_003_14_000_color.png,Box_c423d56d_2,box,exact,single,hsi_4_0717_227_003,14
a naked man,The statue of a naked man stands right in front of you.,"Well, it's a naked man",hsi_4_0717_210_001_35_001_color.png,StatueJacket1,StatueJacket1,exact,single,hsi_4_0717_210_001,35
Middle East,The Middle Eastern rug lies on the living room floor.,"So I'm I'm into uh the Middle East and and also India, ah same as Europe, America. And and that's, I I I I think you can see, I think I've actually managed to make something ehm of it.",hsi_5_0718_222_002_52_000_color.png,Rug,Rug,exact,single,hsi_5_0718_222_002,52
outside,The window looks out to the outside.,"If I eat, you know, cold food, I can, I can go outside.",hsi_3_0715_227_001_31_000_color.png,window,window,exact,single,hsi_3_0715_227_001,31
a little watering can,The little watering can sits beside the plant.,"It's nice that I have a little water, a little watering can, you know, to go to the plant and go, do, do, do, do, do, do.",hsi_6_0718_209_001_142_001_color.png,HousePlant_8110ba59,WateringCan_76259cb4,exact,single,hsi_6_0718_209_001,142
desk,The desk is being removed from the room.,"Desk, no, got to go.",hsi_6_0718_209_003_51_000_color.png,Desk_204_1,Desk_204_1,exact,single,hsi_6_0718_209_003,51
a small one,The small statue sits on the shelf.,But the chandelier got in the way and I wasn't thinking so I had to get a small one.,hsi_6_0718_227_001_145_001_color.png,Statue_5f1e0f9c,Statue_5f1e0f9c,exact,single,hsi_6_0718_227_001,145
the fireplace,The sofa faces the fireplace.,Facing the fireplace.,hsi_4_0717_209_003_19_000_color.png,sofa,fireplace,exact,single,hsi_4_0717_209_003,19
the remote control,The remote control lies on the coffee table.,"Uh, the remote control and the credit card and the keys... and you could also uh... yeah... and if you have a usb stick for your um computer or anything... so so that could be really...",hsi_5_0718_227_002_14_000_color.png,coffee table,RemoteControl_45eda945,exact,single,hsi_5_0718_227_002,14
the furniture,The furniture is scattered around the room.,"But this is a bit... I mean, before you leave, please put the furniture back in order and these pillows, they're just lying around.",hsi_4_0717_222_002_35_000_color.png,furniture,Sofa_f3c3f4ca,exact,single,hsi_4_0717_222_002,35
the painting,The painting hangs close to the lamps.,It's a bit pity to put the lamps so close to the painting.,hsi_3_0715_227_004_13_001_color.png,painting,Painting_6fe2c2f8,exact,single,hsi_3_0715_227_004,13
an original panda,The original panda teddy bear is from Hong Kong.,"No, it was... it's an original panda from Hong Kong.",hsi_7_0719_211_004_12_001_color.png,Teddy_Bear_2,Teddy_Bear_2,exact,single,hsi_7_0719_211_004,12
fireplace,Fresh flowers are placed on the fireplace.,fireplace and have like fresh flowers in them.,hsi_4_0717_209_003_55_000_color.png,fireplace,fireplace,exact,single,hsi_4_0717_209_003,55
couch,The teddy bear sits on the couch next to Mr. Fluffaluffagus.,"Yeah, yeah, yeah. Uh... Sit down next, you can sit, you can sit, you can take a seat on my couch next to Mr. Fluffaluffagus.",hsi_6_0718_211_001_8_001_color.png,Teddy_Bear_1,Sofa_b5c02446,exact,single,hsi_6_0718_211_001,8
this place,The room is well-organized and efficiently used.,I really think I've made the best out of this place actually.,hsi_5_0718_210_001_1_000_color.png,room,room,exact,single,hsi_5_0718_210_001,1
the lamp,The floor lamp stands beside the sofa.,"oh, yeah, the lamp",hsi_6_0718_211_002_173_000_color.png,FloorLamp_75348c2c,FloorLamp_75348c2c,exact,single,hsi_6_0718_211_002,173
a plant,The small side table with a plant is by the fireplace.,And also this small table with a plant.,hsi_4_0717_209_003_65_001_color.png,side table,plant,exact,single,hsi_4_0717_209_003,65
that little cushion,The little cushion rests on the armchair.,"chair or you don't have any sofa or anything and we just just have things like that little cushion there or even, uh, the sack of bags",hsi_5_0718_210_003_45_001_color.png,ArmChairMesh,Ottoman_ad8e5df5,exact,single,hsi_5_0718_210_003,45
a free space,The wall cabinet is next to the dining room table in the free space.,"So next to the dining room table, it's a free space.",hsi_4_0717_227_002_25_001_color.png,wall cabinet,WallCabinet,exact,single,hsi_4_0717_227_002,25
TV,The television is positioned against the wall.,"I noticed that, uh, did you watch TV a lot?",hsi_5_0718_222_003_79_000_color.png,Television_f9d000b1,Television_f9d000b1,exact,single,hsi_5_0718_222_003,79
that blue one,The blue pillow lies on the sofa.,"Well, that blue one looks a bit odd.",hsi_4_0717_227_002_8_000_color.png,pillow,pillow_20,exact,single,hsi_4_0717_227_002,8
the desk,The garbage can is next to the desk.,So I would only use it ah whenever I'm working. So I use the desk and it's for paper.,hsi_7_0719_209_001_16_001_color.png,garbageCan1,Desk_204_1,exact,single,hsi_7_0719_209_001,16
this lamp,The television is placed near the lamp.,"Eh, it will be be-beautiful with this lamp.",hsi_3_0715_227_004_20_000_color.png,television,Chandelier,exact,single,hsi_3_0715_227_004,20
the lamp,The lamp is next to the armchair.,"Another and a chair, those go really good together, the lamp and the armchair, I think they should be.",hsi_4_0717_211_003_3_002_color.png,Sofa_b5c02446,FloorLamp_75348c2c,exact,single,hsi_4_0717_211_003,3
the garbage,The garbage can is hidden out of sight.,"And we need to hide the garbage somewhere. You know you can't ha-have, it's really not beautiful.",hsi_3_0715_227_004_67_000_color.png,GarbageCan_767f2305,GarbageCan_767f2305,exact,single,hsi_3_0715_227_004,67
paper bin,The large paper bin stands in the corner.,And that's also because I don't know what you think about that paper bin because it's really big.,hsi_5_0718_211_002_48_001_color.png,GarbageCan_133fd689,GarbageCan_133fd689,exact,single,hsi_5_0718_211_002,48
armchair,The armchair is positioned next to the window.,your armchair,hsi_5_0718_210_003_43_000_color.png,ArmChairMesh,ArmChairMesh,exact,single,hsi_5_0718_210_003,43
the big one,The large coffee table is in the center of the room.,Get rid of the big one [cough] and just use the small one,hsi_5_0718_227_002_10_000_color.png,coffee table,CoffeeTable_0fe3d662,exact,single,hsi_5_0718_227_002,10
table,The side table with a drawer holds the computer.,"No, no, hundred percent, but I think maybe then eh that is not the best eh table to keep the the computer.",hsi_7_0719_222_004_29_000_color.png,SideTable_ecd457fe,SideTable_ecd457fe,exact,single,hsi_7_0719_222_004,29
Mr. Fluffaluffagus,The teddy bear sits on the couch next to Mr. Fluffaluffagus.,"Yeah, yeah, yeah. Uh... Sit down next, you can sit, you can sit, you can take a seat on my couch next to Mr. Fluffaluffagus.",hsi_6_0718_211_001_8_002_color.png,Teddy_Bear_1,Teddy_Bear_1,exact,single,hsi_6_0718_211_001,8
Sherlock Holmes,The Sherlock Holmes book lies on the shelf.,I also have a Sherlock Holmes,hsi_6_0718_222_001_67_000_color.png,book,Book_28,exact,single,hsi_6_0718_222_001,67
the table,The chandelier hangs above the table.,"I haven't seen it in ah other places and I think it gives really... a really nice touch to the room and also it's like the center or the focus of attention from the table cause it gives like, uh, yeah, like a central point and a focus.",hsi_7_0719_227_002_95_002_color.png,Chandelier,DiningTable_d80cf940,exact,single,hsi_7_0719_227_002,95
the chandelier,A painting hangs on each side of the chandelier.,maybe on one on eah side of the chandelier,hsi_4_0717_227_004_17_001_color.png,painting,Chandelier,exact,single,hsi_4_0717_227_004,17
this table,The coffee table stands in the center of the room.,"Yeah, I think that table should go away. Yeah, I think that that could work and and this table um I mean, I don't know if it's actual f- actually functional for you but um",hsi_7_0719_222_004_20_001_color.png,CoffeeTable_55f895de,CoffeeTable_55f895de,exact,single,hsi_7_0719_222_004,20
a sofa,The large coffee table sits near the sofa in the small room.,"Cause it's too big for this room because it's a sofa table, right? But it's too big of a sofa table for such a small space.",hsi_4_0717_209_003_37_002_color.png,coffee table,sofa,exact,single,hsi_4_0717_209_003,37
screen,The laptop sits by the larger screen.,"My, my larger screen over there.",hsi_6_0718_209_001_36_000_color.png,Laptop_c535f2bc,Desktop_316_Master,exact,single,hsi_6_0718_209_001,36
the vase,The black vase sits on the shelf.,A great thing by putting those but I would... y- you see the vase there? Uh it... It's a bit too uh,hsi_5_0718_227_002_1_000_color.png,black vase,black vase,exact,single,hsi_5_0718_227_002,1
the smaller plants,The large houseplant sits next to the smaller plants.,"Uh, well actually, you can put that next to the other plant, the smaller plants, so you have them next to each other. That will be nice. And so, the couch goes over there recycling bin place it somewhere else, like maybe kitchen or something. Because right now, it looks misplaced.",hsi_4_0717_211_003_29_002_color.png,HousePlant1Large_2,HousePlant_0db093fe,exact,single,hsi_4_0717_211_003,29
a smaller table,A smaller dining table with four chairs sits in the dining area.,Um I... then maybe y- you could pick a smaller table and then just with four chairs.,hsi_7_0719_227_003_51_000_color.png,DiningTable_d80cf940,DiningTable_d80cf940,exact,single,hsi_7_0719_227_003,51
the painting,The destroyed painting lies on the floor.,[breath] yeah you know it's destroyed the painting is destroyed.,hsi_3_0715_227_003_42_001_color.png,Painting_6fe2c2f8,Painting_6fe2c2f8,exact,single,hsi_3_0715_227_003,42
the TV,The TV sits on Desk_204_1.,"But now you want the TV eh and you have the laptop, of course, so so you don't really need a working place like that.",hsi_5_0718_209_003_21_000_color.png,Desk_204_1,Television_002818f8,exact,single,hsi_5_0718_209_003,21
painting,The abstract neoclassic painting hangs on the wall.,"I mean, that painting is, ah neoclassic and it's uh really abstract.",hsi_7_0719_227_002_10_000_color.png,Painting_6fe2c2f8,Painting_6fe2c2f8,exact,single,hsi_7_0719_227_002,10
watering thing,The watering can sits beside the houseplant.,because I read somewhere that you should have the water in the the water... watering thing eh to to get the...,hsi_5_0718_209_001_57_000_color.png,HousePlant_8110ba59,watering can,exact,single,hsi_5_0718_209_001,57
that ottoman,The ottoman sits by the chair.,"So that ottoman there, that's from the dump.",hsi_6_0718_210_001_74_000_color.png,Ottoman_ad8e5df5,Ottoman_ad8e5df5,exact,single,hsi_6_0718_210_001,74
TV,The television is positioned near the window.,"But on the other hand, I I don't look much at TV and... [smack] the window could be my TV because there are a lot of eh deers outside and the um it's...",hsi_5_0718_209_001_53_000_color.png,Television_002818f8,Television_002818f8,exact,single,hsi_5_0718_209_001,53
your desk,A drawer is in your desk in the room.,You have a drawer in your desk.,hsi_4_0717_222_003_72_001_color.png,room,SideTable_ecd457fe,exact,single,hsi_4_0717_222_003,72
TV,The dresser stands beneath the TV.,"so you have a, a, a longer one because if you have a big TV and have just one it will be strange",hsi_3_0715_210_011_24_001_color.png,Dresser_05cb66e0,Television_01800a8c,exact,single,hsi_3_0715_210_011,24
laptop,The laptop sits on the desk.,"But like I just like sometimes when I'm doing work on my laptop, I imagine it's on my",hsi_6_0718_209_001_34_000_color.png,Laptop_c535f2bc,Laptop_c535f2bc,exact,single,hsi_6_0718_209_001,34
this window,The window offers a view of the beautiful streets of Paris.,"Uh uh... Outside, you can see out this window, right? We're on the beautiful streets of Paris.",hsi_6_0718_211_001_24_000_color.png,Window_4c44c73f,Window_4c44c73f,exact,single,hsi_6_0718_211_001,24
a palm tree,The palm tree stands inside the room.,It's a palm tree inside.,hsi_6_0718_210_002_137_001_color.png,TropicalPlantLarge (2),TropicalPlantLarge (2),exact,single,hsi_6_0718_210_002,137
the waste bin,The waste bin is over there.,I don't know about the waste bin over there.,hsi_4_0717_210_001_67_000_color.png,GarbageCan_43439bc1,GarbageCan_43439bc1,exact,single,hsi_4_0717_210_001,67
Panda,The panda teddy bear sits on the shelf.,I think they're a bit scary Panda and Teddy.,hsi_4_0717_211_002_41_000_color.png,teddy bear,Teddy_Bear_2,exact,single,hsi_4_0717_211_002,41
tennis racket,The tennis racquet rests by the fireplace.,"Yeah, you see my tennis racket there?",hsi_6_0718_222_001_79_000_color.png,Tennis_Racquet_4,Tennis_Racquet_4,exact,single,hsi_6_0718_222_001,79
This woman,The fertility statue stands near the woman from Greece.,"This woman over here uh, she's from Greece",hsi_3_0715_227_001_96_000_color.png,FertilityStatue_dcd19fe9,FertilityStatue_dcd19fe9,exact,single,hsi_3_0715_227_001,96
the windows,"A house plant sits in the corner, and another is between the chairs.","No. And eh I'm thinking of uh getting more plants, you see I only have two ahm eh in the corner there and the other one is eh between the chairs. Yes, and what I was thinking of eh as you can open... uh the windows a bit if if if I should...",hsi_5_0718_227_001_30_005_color.png,house plant,Windows,exact,single,hsi_5_0718_227_001,30
the sofa,The sofa faces away from the wonderful view.,"And then of course, uh [exhale] I... I... I always wonder why w- why I turned the sofa this way when I have this wonderful view.",hsi_5_0718_209_001_48_000_color.png,Sofa_dcb895fb,Sofa_dcb895fb,exact,single,hsi_5_0718_209_001,48
the desk,The desk sits next to the window.,"Because uh maybe the TV would look really nice on top of the of the fireplace, and then you can move the desk toward this area here, maybe next to the window, which would be nice if you work here to have some natural light while you're working. I think that would be nice.",hsi_7_0719_209_003_25_002_color.png,Desk_204_1,Desk_204_1,exact,single,hsi_7_0719_209_003,25
the end of the table,The statue sits on the stool at the end of the table.,"So you might have noticed, I actually have, I think I have that one on the stool there at the end of the table.",hsi_6_0718_209_001_84_001_color.png,Statue_7e71d98f,Dresser_29dd319f,exact,single,hsi_6_0718_209_001,84
box,The moving box sits by the doorway.,"And this uh box, this... [breath] this moving box, why is it there?",hsi_3_0715_227_003_25_000_color.png,Box_c423d56d_2,Box_c423d56d_2,exact,single,hsi_3_0715_227_003,25
TV,The statue stands close to the TV.,"And even, for example, the statue there, close to the TV, I think eh it's distracting from the TV.",hsi_7_0719_210_002_24_003_color.png,Statue,Television_01800a8c,exact,single,hsi_7_0719_210_002,24
this sofa,The TV stand sits to the side with a TV on it.,"Table with a TV on it to this side instead because they have like that table, the lamp and the chair, they go together, nicely you take this sofa and put that on that wall instead.",hsi_4_0717_211_003_27_005_color.png,TVStand_5591333a,Sofa_b5c02446,exact,single,hsi_4_0717_211_003,27
